{"cameraMode":{"drawMode":0,"name":"Shaded","section":"Shading Mode"},"sceneLighting":true,"audioPlay":false,"sceneViewState":{"m_AlwaysRefresh":false,"showFog":true,"showSkybox":true,"showFlares":true,"showImageEffects":true,"showParticleSystems":true,"showVisualEffectGraphs":true,"m_FxEnabled":true},"in2DMode":false,"pivot":{"x":2.9981446266174318,"y":1.7283527851104737,"z":4.1862969398498539},"rotation":{"x":0.05805136635899544,"y":-0.29928693175315859,"z":0.018292581662535669,"w":0.9523172974586487},"size":2.222447395324707,"orthographic":true}